sample_ID,ias_conc,rep,day,PC(16:0_18:1)_C30pos,PC(18:1_18:1)_C30pos,PC(16:0_16:0)_C30pos,PC(18:1_18:0)_C30pos,PC(32:1)_C30pos,PC(20:4_16:0)_C30pos,PC(20:4_18:0)_C30pos,SM(d34:1)_C30pos,PC(38:5)_C30pos,PC(30:0)_C30pos,PC(O-34:1)_C30pos,LPC(18:0)_C30pos,LPC(18:0)_C30pos,PC(34:0)_C30pos,LPC(16:0)_C30pos,LPC(16:0)_C30pos,PE(36:1)_C30pos,PC(33:1)_C30pos,TG(15:0_15:0_17:1)_C30pos,PC(36:3)_C30pos,PC(36:3)_C30pos,PC(36:3)_C30pos,PC(36:3)_C30pos,PC(38:4)_C30pos,TG(16:0_18:1_22:5)_C30pos,PC(35:1)_C30pos,SM(d42:2)_C30pos,PC(38:6)_C30pos,PC(O-32:0)_C30pos,PI(20:4_18:0)_C30pos,TG(18:1_18:1_22:5)_C30pos,PC(O-36:4)_C30pos,PS(18:1_18:0)_C30pos,PC(40:6)_C30pos,PE(34:1)_C30pos,PC(O-34:0)_C30pos,PE(P-16:0_22:6)_C30pos,PC(O-35:6)_C30pos,LPC(18:1)_C30pos,LPC(18:1)_C30pos,PC(40:5)_C30pos,PC(40:5)_C30pos,PC(38:3)_C30pos,PE(36:3)_C30pos,SM(d42:1)_C30pos,SM(d34:0)_C30pos,PC(31:0)_C30pos,PC(35:2)_C30pos,PC(O-38:4)_C30pos,PE(18:0_22:6)_C30pos,PC(40:5)_C30pos,PC(40:5)_C30pos,TG(26:7_14:0_18:1)_C30pos,PC(40:7)_C30pos,PE(P-18:0_22:6)_C30pos,TG(15:2_18:1_23:4)_C30pos,PE(20:4_18:1)_C30pos,SM(d40:1)_C30pos,PS(40:6)_C30pos,TG(18:1_20:4_20:4)_C30pos,PC(38:2)_C30pos,SM(d34:2)_C30pos,SM(d42:3)_C30pos,TG(39:7_21:2)_C30pos,PE(O-40:6)_C30pos,Cer(d18:1_16:0)_C30pos,TG(18:1_18:1_24:5)_C30pos,SM(d36:1)_C30pos,PE(P-18:1_16:0)_C30pos,PC(33:0)_C30pos,PC(O-34:2)_C30pos,PE(36:2)_C30pos,PC(40:4)_C30pos,PC(40:4)_C30pos,TG(16:1_18:2_18:2)_C30pos,Cer(d18:1_24:0)_C30pos,Cer(d18:1_24:1)_C30pos,SM(d32:1)_C30pos,PE(20:4_16:0)_C30pos,TG(17:1_16:0_25:4)_C30pos,PE(38:3)_C30pos,PE(38:3)_C30pos,PE(38:4)_C30pos,LPE(20:4)_C30pos,TG(34:2_22:6)_C30pos,PE(22:7_18:0)_C30pos,PC(36:5)_C30pos,PC(36:5)_C30pos,Hex1Cer(24:0_d18:1)_C30pos,PC(37:2)_C30pos,PE(P-18:0_22:4)_C30pos,PC(36:5)_C30pos,PC(36:5)_C30pos,SM(d33:1)_C30pos,PC(37:4)_C30pos,PS(40:5)_C30pos,LPC(18:0)_C30pos,LPC(18:0)_C30pos,Co(Q10)_C30pos,PC(O-36:1)_C30pos,PE(P-18:1_22:6)_C30pos,PC(O-38:6)_C30pos,LPC(16:0)_C30pos,LPC(16:0)_C30pos,PC(40:4)_C30pos,PC(40:4)_C30pos,PE(40:4)_C30pos,PS(34:1)_C30pos,PE(22:6_18:1)_C30pos,PS(38:3)_C30pos,PC(42:5)_C30pos,LPC(30:0)_C30pos,PC(42:9)_C30pos,PC(O-32:1)_C30pos,TG(16:0_22:4_22:6)_C30pos,PC(O-35:8)_C30pos,PC(O-40:6)_C30pos,Hex1Cer(16:0_d18:1)_C30pos,PE(22:6_16:0)_C30pos,Hex1Cer(24:1_d18:1)_C30pos,TG(38:5_22:6)_C30pos,Cer(d18:1_22:0)_C30pos,PE(35:1)_C30pos,LPC(18:1)_C30pos,LPC(18:1)_C30pos,PC(42:8)_C30pos,PE(P-16:0_22:5)_C30pos,PC(O-39:10)_C30pos,Hex1Cer(22:0_d18:1)_C30pos,SM(d35:1)_C30pos,PC(O-37:9)_C30pos,LPE(22:6)_C30pos,PE(O-18:2_22:5)_C30pos,SM(d41:2)_C30pos,LPC(17:0)_C30pos,TG(16:1_16:1_18:2)_C30pos,TG(36:1_22:6)_C30pos,LPE(22:5)_C30pos,PC(O-38:7)_C30pos,PS(40:4)_C30pos,SM(d40:2)_C30pos,PE(38:5)_C30pos,PE(38:5)_C30pos,PC(35:3)_C30pos,SM(d36:2)_C30pos,PC(O-40:7)_C30pos,PC(O-36:3)_C30pos,TG(34:0_22:6)_C30pos,PE(P-17:0_20:4)_C30pos,PI(20:4_16:0)_C30pos,LPC(22:5)_C30pos,PE(38:5)_C30pos,PE(38:5)_C30pos,PC(39:9)_C30pos,Hex2Cer(d40:1)_C30pos,PE(38:3)_C30pos,PE(38:3)_C30pos,PE(O-42:10)_C30pos,TG(O-15:1_22:5_19:0)_C30pos,PC(O-37:8)_C30pos,Cer(d18:0_16:0)_C30pos,Hex3Cer(d42:1)_C30pos,Hex3Cer(d34:1)_C30pos,Palmitoyl sphingomyelin_HILICA,Palmitoylcarnitine_HILICA,5-methylthioadenosine (MTA)_HILICA,nicotinamide_HILICA,adenine_HILICA,creatinine_HILICA,N-Acetylhistamine_HILICA,adenosine_HILICA,hypoxanthine_HILICA,Hexanoylcarnitine_HILICA,riboflavin (Vitamin B2)_HILICA,cytosine_HILICA,serotonin_HILICA,inosine_HILICA,guanine_HILICA,pantothenate (Vitamin B5)_HILICA,cytidine_HILICA,cytidine_HILICA,L-Phenylalanine_HILICA,tryptophan_HILICA,butyrylcarnitine_HILICA,leucine_HILICA,kynurenine_HILICA,1-methylnicotinamide_HILICA,cytidine_HILICA,cytidine_HILICA,Propionylcarnitine_HILICA,isoleucine_HILICA,guanosine_HILICA,betaine_HILICA,methylhistamine_HILICA,methionine_HILICA,N-acetylputrescine_HILICA,Thiamine_HILICA,Acetyl-L-carnitine_HILICA,valine_HILICA,proline_HILICA,L-Tyrosine_HILICA,Methyladenosine_HILICA,pipecolate_HILICA,taurine_HILICA,histamine_HILICA,theanine_HILICA,L-Ergothioneine_HILICA,cysteine-S-sulfate_HILICA,N-Acetyl-L-glutamine_HILICA,4-guanidinobutyrate_HILICA,hypotaurine_HILICA,hydroxyproline_HILICA,creatine_HILICA,carnitine_HILICA,threonine_HILICA,guanidinoacetate_HILICA,homoserine_HILICA,Acetylarginine_HILICA,methionine sulfoxide_HILICA,deoxycarnitine_HILICA,acetylornithine_HILICA,N-alpha-acetyllysine_HILICA,N6-carbamoyl-lysine (homocitrulline)_HILICA,glycerophosophocholine_HILICA,N-acetylaspartate (NAA)_HILICA,N-acetylglutamate_HILICA,asparagine_HILICA,S-adenosylhomocysteine (SAH)_HILICA,citrulline_HILICA,(S)-(+)-4-Amino-3-hydroxybutyric acid_HILICA,glutatrylcarnitine_HILICA,N-acetylneuraminate_HILICA,adenosine 5'-monophosphate (AMP)_HILICA,asymmetric dimethylarginine (ADMA)_HILICA,uridine 5'-monophosphate (UMP)_HILICA,N-acetylspermidine_HILICA,gamma-Glu-Cys_HILICA,S-Lactoylglutathione_HILICA,2-aminoadipate_HILICA,glutamylcysteine_HILICA,glutamate_HILICA,malonylcarnitine_HILICA,ophthalmate_HILICA,IMP_HILICA,"glutathione, reduced (GSH)_HILICA",5-L-Glutamyl-taurine_HILICA,aspartate_HILICA,trimethyllysine_HILICA,homoarginine_HILICA,carnosine_HILICA,flavin adenine dinucleotide (FAD)_HILICA,arginine_HILICA,nicotinamide adenine dinucleotide reduced (NADH)_HILICA,anserine_HILICA,N-Acetyl-1-aspartylglutamic acid_HILICA,gamma-glutamylglycine_HILICA,lysine_HILICA,ornithine_HILICA,nicotinamide adenine dinucleotide (NAD+)_HILICA,adenosine 5'-diphosphoribose_HILICA,glucose 6-phosphate_HILICA,S-Adenosylmethionine (SAM)_HILICA,Cytidine 5'-diphosphocholine_HILICA,CDP-choline_HILICA,cystathionine_HILICA,CDP-ethanolamine_HILICA,methylpicolinate_HILICA,UDP-N-acetylglucosamine (UDP-GlcNAc)_HILICA,saccharopine_HILICA,Glutamyl-glutamic acid_HILICA,EDTA_HILICA,phosphocreatine_HILICA,tentative.GDP-fucose_HILICA,Argininosuccinic acid_HILICA,guanosine 5'-diphosphate (GDP)_HILICA,nicotinamide adenine dinucleotide phosphate (NADP+)_HILICA,"glutathione, oxidized (GSSG)_HILICA",GABA_IP,5-aminolevulinic acid_IP,beta-alanine_IP,Glycine_IP,Serine_IP,Cystathionine_IP,asparagine_IP,Alanine_IP,sarcosine_IP,glutamine_IP,Taurine_IP,4-hydroxyproline_IP,dimethylglycine_IP,L-Citrulline_IP,threonine_IP,2-aminobutyrate_IP,Creatine_IP,Proline_IP,Valine_IP,O-Phosphorylethanolamine_IP,Uracil_IP,Methionine_IP,hypoxanthine_IP,pyridoxine_IP,Tyrosine_IP,Isoleucine_IP,uridine_IP,Leucine_IP,Adenine_IP,inosine_IP,phenylalanine_IP,ISTD-D5-Glutamate_IP,glutamate_IP,aspartate_IP,(tent.) glu-gly_IP,N-Glycolylneuraminic acid_IP,SAH_IP,galactonic acid_IP,threonic acid_IP,Gluconic acid_IP,Gln-Glu_IP,glu-thr_IP,CDP-ethanolamine_IP,(tent.) glu-thr_IP,n-acetylneuraminic acid_IP,n-acetyl-serine_IP,O-acetyl-serine_IP,dihydroorotate_IP,Glucose 6-phosphate_IP,N-Acetyl-L-glutamine_IP,Lactate_IP,Pyroglutamic acid_IP,galactose-1P_IP,Orotidine_IP,ribose-phosphate_IP,3-hydroxyisobutyrate_IP,Tryptophan_IP,Fructose-6-phosphate_IP,gamma-Glu-Cys_IP,3-hydroxybutyrate_IP,mannose-1-phosphate_IP,sedoheptulose 7P_IP,glucose-1-phosphate_IP,glycerol-3-phosphate_IP,Ophthalmate_IP,L-Glutathione (reduced)_IP,N-Acetyl-glucosamine-phosphate_IP,xylulose-5-P_IP,N-acetylalanine_IP,4-hydroxybutyrate_IP,NAD+_IP,CMP_IP,"(tent.) 2,3-Dihydroxy-2-methylbutanoic acid_IP",Pyruvate_IP,phosphoserine_IP,2-hydroxybutyrate_IP,dCMP_IP,dihydroxyacetone phosphate_IP,UMP_IP,glu-val_IP,AICA ribonucleotide_IP,IMP_IP,GMP_IP,Methylthioadenosine_IP,dTMP_IP,AMP_IP,Pantothenic acid_IP,Riboflavin_IP,malonic acid_IP,Succinate_IP,p-Hydroxyphenyllactic acid_IP,Glu-Ile_IP,Itaconate_IP,Ureidosuccinic acid_IP,L-Glutathione oxidized_IP,n-carbamyl-glutamic acid_IP,Glu-Leu_IP,Phosphocreatine_IP,Malate_IP,D-a-Hydroxyglutaric acid_IP,citraconic acid_IP,CDP-n-acetylneuraminic acid_IP,N-Acetyl-L-aspartic acid_IP,n-acetylglutamate_IP,UDP-N-acetylglucosamine_IP,GDP-Mannose_IP,UDP-hexose_IP,alpha-ketoglutarate_IP,S-Lactoylglutathione_IP,Glutaconic acid_IP,CDP_IP,Alpha-ketoisovalerate_IP,Adenosine diphosphate ribose_IP,(tent.) sulfolactic acid_IP,Fumarate_IP,3-phosphoglyceric acid_IP,Fructose 1-6 BP_IP,NADP+_IP,UDP_IP,GDP_IP,Pyridoxal-5-phosphate_IP,Ascorbic acid_IP,folic acid_IP,Citric acid_IP,Phosphoenolpyruvate_IP,ADP_IP,MethylcitricAcid_IP,NADH_IP,Flavin mononucleotide (FMN)_IP,Alpha-ketomethylvalerate_IP,Alpha-Ketoisocaproate_IP,n-phenylalanine_IP,bisphosphoglycerate_IP,UDP-alpha-D-glucuronic acid_IP,CTP_IP,Flavin adenine dinucleotide (FAD)_IP,GTP_IP,UTP_IP,NADPH_IP,ATP_IP,dTTP_IP,n-acetylmethionine_IP,Adenosine 3-phosphate 5-phosphosulfate_IP,coenzyme A_IP,arachidonic acid_IP
MC00407_1_20_84day,2,1,84,166444362.7,37225358.22,25751579.9,34178422.89,23583849.94,18980027.1,20086678.22,19571358.7,14246895.8,9054536.993,10703641.21,10521722.05,1138580.584,10590067.59,9456081.044,1059657.502,9020477.955,7245873.193,4741911.607,6945585.748,8023683.195,6945585.748,8023683.195,6371457.114,4354602.411,6640968.553,3538035.827,4750009.105,4212484.59,2542435.525,2252155.446,5453913.502,3841924.168,4292280.44,2542164.549,4192001.412,2865304.592,3438704.957,3776825.679,802248.887,2249820.581,2578584.215,3362464.117,562036.54,2966073.308,1723506.044,1978568.561,3481962.723,2725354.888,2898842.458,2249820.581,2578584.215,1637850.217,2762533.956,2387137.534,1464752.218,1834166.548,1850394.983,1392098.573,1683217.983,2269784.958,2123294.501,1197922.798,1244242.212,2023237.361,802052.0932,1137706.272,1319121.183,1239709.42,1803373.207,1551688.503,1595192.356,1570428.349,1061036.91,1138435.646,1047885.269,609506.2491,1464466.656,850435.0191,1119240.633,1342941.338,187657.1966,1361703.067,199044.4099,953177.0016,1228071.345,786279.3013,902980.0691,872613.7949,1420884.537,1128175.502,786279.3013,902980.0691,1141822.934,1109184.247,809955.7499,10521722.05,1138580.584,1035202.953,1122072.029,753172.5912,1218883.586,9456081.044,1059657.502,1570428.349,1061036.91,977404.7026,289684.2097,754431.8357,614983.3915,1069416.053,597220.8212,812513.2159,574886.0961,325501.7066,707400.8671,920022.2829,442330.9461,525304.9101,376223.6976,439686.6544,306445.6367,668443.9492,3776825.679,802248.887,607524.0442,446008.0939,434841.0579,386473.0002,627037.7155,515912.1559,94278.93222,475619.413,399974.4841,551797.0062,419208.2933,499472.2235,82620.3213,510451.4855,390281.5726,304364.3427,508210.7384,383669.3092,517409.9473,359376.3313,439070.0642,565449.7012,334966.2009,456212.2714,139057.1965,370934.4696,508210.7384,383669.3092,365244.7761,399279.5934,1342941.338,187657.1966,344897.725,210856.3122,199295.5338,87139.46176,67267.91493,52096.18343,1133,3164,142842,83944,1508990,45954060,,,145680,,16500,38993,,,,4617606,38971,38881,23482866,1835139,1370408,14500606,35692,73076656,38971,38881,10699706,15179376,,18695908,,329300,254026,8519646,22353448,,9408453,9103897,58597,,341645,,,,42540,,69448,18971,476939,81392128,20518638,4223340,8204,4261430,9143,7740080,2696172,81902,,14654,28768896,,,174714,,341386,,,208296,,219666,,2146284,,,240997,,55961384,,55510,,25950142,42777,2672028,233940,64930,94570,80371,14468817,,,370640,,6546273,,5918237,120078,,,47584,47571,332907,56571,167442,9010037,49913,76691,,47347,75443,,43234,,5363515,,34337,535410,965209,2045033,33367,29879,1374570,,7558791,2911083,32306,,22726,3890165,,1123630,517815,3724744,6112,32028,55663,12083,432749,7894118,5375228,26407,6655416,,,2345311,85260856,31285722,15173964,,,,,990278,,,,,,560560,130319,,,,159738,67133456,39960992,,,370472,,1920729,,,,,,,905095,,71796800,,,122497,,476362,,,5308003,1134926,,,596200,92617,,,,,,,52664,6836794,,,7539244,,,,12652,543429,,,1285685,6557001,,,,17568500,574687,1937152,,,306757,,,,,,,619265,2758974,1069581,,402099,,192015,202509,,39447088,,563098,,,,329966,403181,,,288012,307443,,154506,1131241,,2739500,,,,,
MC00407_2_20_84day,2,2,84,142030688,37416627.72,23813931.62,29281484.49,20661341.83,17004802.71,18405398.2,16445594.98,14367849.49,7182327.533,9386702.394,9324262.69,962420.6466,9988940.716,8153544.99,1158658.456,6681459.243,7427538.75,1410279.497,6899939.912,6972543.399,6899939.912,6972543.399,4405873.989,3841473.875,4564183.645,3021307.77,3505637.66,3923713.872,5061357.01,2790454.426,4229317.77,2272687.958,3526405.513,2008353.556,3943192.199,1246504.259,1342157.056,1880932.961,731070.1204,2771092.071,1882140.112,2732440.809,425198.7814,2449703.871,1562779.919,2090873.268,2983223.488,2485311.161,2092474.167,2771092.071,1882140.112,1446923.138,2346488.901,1075285.637,1274709.073,1435784.034,1504616.761,854635.4873,1175910.09,1457482.7,1490913.104,1015354.109,1017853.329,851631.9995,748089.5489,998085.6532,1094904.334,530721.1458,1663529.873,1194288.176,1139284.754,1298929.79,1116782.32,992521.4887,955042.9044,504927.9483,901162.3572,592981.6776,1018230.274,956707.2078,133505.8441,1007140.872,1522872.62,823777.67,934357.7311,664289.1575,625185.0003,773129.9483,978900.4104,458009.3313,664289.1575,625185.0003,854605.1708,988928.3414,525330.0411,9324262.69,962420.6466,773600.2629,928529.6039,298599.2849,960063.4912,8153544.99,1158658.456,1298929.79,1116782.32,680152.8268,172703.386,524135.5951,381919.64,542447.2381,535125.1122,697552.8215,464877.728,168423.5484,331918.0086,511905.7692,376966.8178,433554.0162,320432.6066,376794.3285,258475.5948,593492.9315,1880932.961,731070.1204,527143.6252,146970.3854,426049.9443,312254.2955,530131.7309,246180.6177,708907.0597,156373.5512,329937.2803,471770.7479,323783.4043,441764.7829,634544.4576,354192.1413,251705.5207,245851.6307,302161.448,295361.7751,352972.2467,270687.5287,467198.7114,466537.1797,313752.4787,190344.2344,284834.0788,255527.5195,302161.448,295361.7751,246118.598,375797.7492,956707.2078,133505.8441,145525.7218,168784.0871,86719.82476,89766.05952,58185.25785,45681.61532,0,3152,1261304,1170732,1946204,8523349,,,196121,,20333,75515,,,,4925228,33415,33421,15279965,875749,1468967,11415797,27593,70076712,33415,33421,11128516,11684247,,20721028,,3574,217468,7602331,22105944,,4526460,6931937,55080,,298515,,,,39542,,349069,0,268793,66804312,22734562,3251912,9367,3201849,41318,2495222,2765755,110575,,11205,31451534,,,105750,,267528,,,121977,,164507,,589562,,,218511,,49562884,,50873,,193217,96465,2451521,209424,63904,67791,94158,10720701,,,418682,,3603473,,5372396,331882,,,48384,48496,8082,45915,162369,9168015,45063,71865,,16281734,90791,,43068,,3595839,,19769,446674,791809,1640600,0,11611,1087045,,6162747,1766632,19727,,21195,3151395,,902095,222980,2877962,9215,38121,0,11652,336860,5626885,4180720,28671,5099450,,,1504345,84468280,27728398,14835944,,,,,1260314,,,,,,228767,179418,,,,349028,73060344,51442132,,,682383,,784141,,,,,,,651454,,459129,,,197596,,433833,,,1559158,1136171,,,622462,394992,,,,,,,59093,7818972,,,16536427,,,,12512,402560,,,5293535,6340818,,,,18515162,717681,2067504,,,349375,,,,,,,776205,3009583,1584918,,841814,,130140,177516,,41904872,,1069549,,,,297041,332339,,,362261,385710,,260252,1442559,,3759777,,,,,
MC00407_3_20_84day,2,3,84,162001804.4,42832050.81,24537851.15,39788810.43,14712777.53,18149331.92,21350451.12,19381300.72,17147583.86,8932201.111,11629122.36,12986253.24,1298435.901,10478966.63,11261314.97,1163943.477,8703879.207,6877308.835,3726504.684,7207784.301,7537203.024,7207784.301,7537203.024,6328648.078,5837278.769,5944389.307,3541563.441,5439101.578,3887350.574,1709527.554,2361661.923,5183707.276,3915550.099,4159011.991,2426185.623,4384732.912,2677918.872,3198855.011,4041481.042,827263.3061,3093626.475,2474726.025,3622782.339,538068.9804,2925992.356,1630343.696,1532456.093,3310305.008,2806455.362,2744557.832,3093626.475,2474726.025,1843170.844,2693435.759,2247956.132,1498808.816,1897552.551,1822292.548,1374156.145,1557631.131,2277004.264,2262258.837,1231092.787,1293398.385,1875447.942,810729.9968,1474940.869,1349831.404,1140770.733,1722289.968,1680855.649,1434383.029,1385528.674,1040195.059,1173550.224,1099756.896,587988.2863,1311291.233,816803.1183,1341788.063,1300771.905,186927.5266,1450428.884,188652.1824,1031227.96,1297179.553,725439.2445,835050.4322,833940.3711,1161840.318,1061768.121,725439.2445,835050.4322,1118429.263,1060350,803878.4376,12986253.24,1298435.901,1043199.258,1189356.78,530256.781,1098484.167,11261314.97,1163943.477,1385528.674,1040195.059,964685.1084,288299.7774,688545.2321,620311.8025,743431.016,506474.199,714684.1463,636677.6741,332126.3136,852786.9929,857556.2089,425533.1225,519072.2052,352786.4011,477955.6642,348019.9196,654847.2806,4041481.042,827263.3061,589463.4823,452474.7268,511328.2251,380752.5736,596066.9577,532531.5043,108234.2147,528578.8263,378523.421,670986.7419,460192.5427,532024.5088,83438.64158,429766.4008,411481.9772,308275.07,418097.3594,353470.9188,506358.7714,412333.4762,412446.7573,495817.5289,414379.9841,440874.3472,96888.85741,461482.936,418097.3594,353470.9188,375555.2741,400977.1332,1300771.905,186927.5266,348435.8054,206473.1121,200019.1492,76442.62229,59014.9801,46333.13876,2560,919,147045,174050,1273882,41371136,,,301858,,38214,42305,,,,5029658,58226,58403,26850238,2609245,1593541,19974804,57527,63616796,58226,58403,10056487,19790252,,21593562,,625909,316292,13517268,22068272,,10424761,11902564,79870,,1533060,,,,72588,,66885,20828,569369,86871744,22299436,5063800,11527,5063996,20229,9393233,2792593,135650,,22832,29610780,,,220528,,447522,,,239715,,409465,,1723152,,,249069,,55039272,,53977,,25933506,49455,2617635,381961,110315,144130,68733,21517484,,,368568,,10617889,,5652968,78294,,,47588,47588,362008,53422,181755,8936685,55759,78493,,177127,77261,,44671,,5798934,,37246,406280,1106746,2974049,37840,45548,1314326,,10913272,3440597,36756,,49150,6600486,,1180786,565279,5234320,9180,54477,103575,18067,848540,10120003,7083571,44642,8666491,,,2843646,83426688,32024088,18115136,,,,,1317835,,,,,,529405,184212,,,,209959,124171224,73062576,,,479537,,3838238,,,,,,,861858,,72968624,,,227577,,456869,,,11056779,1232280,,,525226,100755,,,,,,,44703,8132250,,,9548530,,,,14720,539226,,,2371592,6723941,,,,17234284,594228,1958396,,,374122,,,,,,,715011,3116410,1358792,,365356,,135677,577656,,47548680,,492204,,,0,725407,623332,,,259812,294773,,142483,1129926,,2737407,,,,,
MC00407_4_20_84day,2,4,84,198077391.4,50366760.41,29609238.61,42967134.3,25554595.06,19332021.47,24166553.55,21743729.55,19128935.94,10275884,13674164.32,10165383.01,1085002.599,11909600.75,9276876.42,1132460.214,10829672.87,8309627.692,3339164.573,9167254.38,8848166.457,9167254.38,8848166.457,6112788.428,4991208.029,7240980.074,4127893.385,6226949.172,4297761.906,5810305.712,3961083.263,5512382.964,5071554.471,5084476.67,3158198.148,4978061.609,3312333.883,4085564.044,4048360.213,785178.6447,3710558.252,3195776.71,3737686.227,676474.1325,3390139.468,1834334.089,2393220.672,3487636.465,3428598.91,3386066.418,3710558.252,3195776.71,1885117.724,2589678.931,2966428.709,1696338.5,2468345.998,2128205.304,1798270.053,1568786.614,2509228.056,2404180.927,1377673.308,1427880.381,2274251.1,935132.9982,1131908.113,1510528.724,1435509.971,1952189.446,1757392.626,1818629.864,1504519.85,1151889.734,1322348.267,1300897.29,646116.7488,1417319.027,1017491.806,1326056.688,1585504.348,241844.2279,1565819.918,204070.0852,1049976.643,1375654.493,855406.9796,1067451.392,956810.3079,1347234.177,1303675.827,855406.9796,1067451.392,1365430.455,1323229.415,991322.1826,10165383.01,1085002.599,1134155.507,1283895.616,846304.9139,1138271.577,9276876.42,1132460.214,1504519.85,1151889.734,1119477.121,282225.1405,881886.9771,822041.4582,774729.5199,628665.8684,805087.0001,705237.1336,399304.7273,933499.6508,754699.6099,469073.9215,620877.5946,402485.0422,474430.7147,328406.3544,835818.6251,4048360.213,785178.6447,737619.6133,579045.6328,540342.9007,449656.0469,712234.5693,614411.953,102070.1282,696095.5385,433034.8517,613895.2406,401968.4019,556778.8459,67181.9864,633236.0452,498999.6828,327532.0103,455510.0391,384188.0766,607222.2419,502936.3074,476148.4926,554289.6829,376847.9602,533025.1484,337608.205,465671.4113,455510.0391,384188.0766,376696.9245,444872.6654,1585504.348,241844.2279,384661.927,226986.0402,241183.8422,92326.29007,87047.75819,59981.71234,0,5541,297995,244827,4280123,37890620,,,477103,,56667,126534,,,,7528607,75136,75314,35830740,3426637,2002442,27259872,129033,74747936,75136,75314,12240886,28619994,,30462632,,2675041,467207,20372632,27782936,,13944339,16772763,113303,,1008588,,,,50820,,104656,90144,740851,96952728,29177144,6662255,76576,6627377,35371,9865161,3774659,204020,,43849,42223776,,,215966,,586456,,,243860,,753233,,1944088,,,384070,,69728032,,68290,,23938312,62520,3381516,834032,241999,269663,107193,48833440,,,545985,,21383186,,7401311,115877,,,61954,62055,474026,57301,204179,10504845,81886,106432,,6390814,105947,,62779,,10834033,,41399,549003,1300648,3665621,65966,32298,1105007,,13187565,3418857,43628,,54775,8358653,,1234014,574114,6815868,9651,90451,611077,29090,928598,12608957,9087681,67711,11316127,,,3642044,82601912,34602076,18790606,,,,,1760273,,,,,,487949,193483,,,,220082,161409616,108175632,,,475651,,3958674,,,,,,,907997,,72093736,,,256974,,560946,,,12080109,1371946,,,643484,132304,,,,,,,67341,10400257,,,12619527,,,,16182,791017,,,4211204,7629943,,,,19481622,684804,2272360,,,404748,,,,,,,799729,3889375,1857763,,463504,,174045,884273,,57970744,,744091,,,,1791506,1706402,,,386829,453746,,314384,1662603,,4213929,,,,,
MC00407_1_00_84day,0,1,84,181753628.9,37284021.63,39401156.48,24606383.65,24985296.82,25282480.01,19379263.32,22864235.24,18119845.83,11756033.54,9537184.098,7924395.259,774858.7083,8794618.847,6867645.266,794651.877,7057350.625,7566880.687,2165175.278,5441988.026,7050701.292,5441988.026,7050701.292,4106339.433,3923111.538,4467018.21,6122954.668,6059540.498,4868779.525,5624256.361,2465154.683,4413295.533,3225284.621,3954876.304,3789801.774,3062597.763,3483165.912,3147645.136,3093618,598694.3311,1977093.565,1986467.999,2565684.844,3520866.009,3547311.703,3362402.046,2977736.966,3014271.727,1617896.204,2867463.327,1977093.565,1986467.999,1528046.91,2602592.111,1993402.57,1513181.766,2110777.425,2294746.733,1972485.913,1180825.715,1504424.466,1897818.941,1597598.564,928235.663,1344742.236,1268882.973,1030782.703,1967944.357,1492570.167,1802250.292,1387420.914,961813.1863,1062064.843,745410.7372,830795.2898,1178146.303,961652.4338,1236831.996,1167479.19,898605.4778,1296839.069,303209.692,933971.5715,778670.2035,671128.0653,952998.9431,916733.9161,1132532.988,922000.0106,1173586.198,936322.7929,916733.9161,1132532.988,1006090.034,1085986.549,728554.6593,7924395.259,774858.7083,1162437.675,611609.8126,936098.6554,1148555.689,6867645.266,794651.877,1062064.843,745410.7372,837734.3203,646576.5182,914051.4252,698663.5129,392816.4766,592307.7977,773380.7233,676647.0985,534087.6978,571417.0758,417031.9802,547979.5934,778058.4971,509141.9051,407035.2249,400650.058,591955.9381,3093618,598694.3311,516783.8762,526520.8407,531927.7621,382058.3639,676635.4115,457317.2103,524508.0016,560685.8836,489373.0339,397878.8744,297244.0764,399665.7046,352990.131,498733.3913,407991.9667,404603.7585,429536.9875,253072.8067,384324.8572,433791.9634,395686.8422,438943.286,318900.343,318793.9202,459754.5425,374784.8622,429536.9875,253072.8067,321185.6594,90479.58133,1296839.069,303209.692,238034.8742,264202.46,239193.485,168833.8724,281935.7206,231267.5283,0,33603,194507,304254,1712462,38976944,,,588894,,70750,37918,,,,5030686,79230,79185,33733268,2711474,1928996,23190994,43042,100398920,79230,79185,8406450,25911852,,28304320,,1382625,529625,20962804,20237182,,10246988,14765426,46260,,828686,,,,244534,,197500,61777,568919,45288744,25979548,5264704,14290,5307253,28661,9782432,2910378,174387,,33512,4191960,,,164453,,419624,,,181115,,557586,,1126823,,,229538,,54378320,,46874,,261459,55662,2411154,670496,223100,237529,48743,45398896,,,347167,,20563098,,4993927,166474,,,63910,63945,322026,70836,110169,4717004,59420,34021,,4786402,66869,,30392,,2190847,,30747,400334,1346952,2758934,38812,32928,550947,,11358683,3286258,31854,,44216,6947068,,541466,415566,6662731,10294,97730,269424,45428,1877279,12099985,8868921,96450,11149844,,,3538072,84036528,31869702,15911276,,,,,1966383,,,,,,417965,148067,,,,213962,121266760,130490856,,,643926,,3126117,,,,,,,496056,,1612966,,,228349,,462911,,,1424603,784564,,,562517,418744,,,,,,,218677,7460177,,,16029794,,,,30158,550901,,,3586180,7963058,,,,23844576,901418,1099739,,,89191,,,,,,,858414,1425318,1989506,,493095,,60121,246414,,57098884,,986198,,,,469592,338692,,,231741,233480,,139608,874286,,2955013,,,,,
MC00407_2_00_84day,0,2,84,178073840.8,33937794.89,37287924.06,19461917.13,16003605.28,22279783.09,18450001.58,20801703,18063862.47,11025817.03,9194288.374,6388757.421,720331.7496,8255260.27,5806630.754,638432.0158,7358810.676,6911437.59,1555380.367,5112453.333,6694895.122,5112453.333,6694895.122,4272699.421,3689230.761,3890051.267,5745808.275,5686309.798,4709904.426,2890166.072,2283620.011,4597519.665,4390149.601,3458103.199,4006757.366,2915040.684,3639424.018,3374173.848,2287856.239,411972.1323,1867358.818,1854913.177,2751787.694,3639424.018,3132339.118,2973931.665,2982467.612,2437393.754,1554345.04,3028297.47,1867358.818,1854913.177,1329388.354,2452611.282,2094641.47,1540309.727,2048809.102,2067884.065,2165139.555,1000201.971,1330619.461,1723006.099,1484227.926,829122.6742,1437401.042,1205346.41,1263457.938,1901582.092,1628455.452,1629459.796,1322333.256,1020272.893,884789.8904,693312.8729,765571.3896,1171451.763,936344.4072,1265511.713,1158717.414,839446.0476,1311491.176,322281.6711,1079642.618,258633.175,555218.5776,1189178.483,834058.3529,1071127.941,858923.9846,982597.1207,1030901.508,834058.3529,1071127.941,977089.1722,1079983.581,890728.8658,6388757.421,720331.7496,1010717.687,567426.1223,849970.7664,994431.6047,5806630.754,638432.0158,884789.8904,693312.8729,876442.163,812159.8634,703635.8559,857113.6541,372458.2694,523110.2119,630375.3635,567612.9648,478871.6215,783131.3879,532158.0876,510421.8028,753550.5145,464227.8703,393301.9174,363344.7057,593838.0689,2287856.239,411972.1323,465728.46,557392.3179,569754.2015,378319.1885,614050.0322,501110.3391,196471.185,473472.5588,477921.2256,371591.3391,270866.6087,392240.8574,135656.1487,468191.8813,533522.6841,362475.2144,461620.8512,449756.0288,343656.2028,403847.7495,320478.9486,406156.6991,306017.2635,332533.9331,232277.974,228113.3754,461620.8512,449756.0288,328329.3996,95895.29626,1311491.176,322281.6711,353368.9928,226193.9652,283969.4201,148135.1001,238616.816,227960.1022,4893,8251,148179,172652,1258178,40709900,,,199492,,32096,30015,,,,3760852,38516,38517,24749534,2176634,1960949,16159750,69590,66874768,38516,38517,8724967,18230448,,20763984,,360551,368343,13744517,20294280,,10519691,11377699,49157,,2011893,,,,105115,,87489,13277,528067,66185648,31967588,4785796,9850,4724655,27451,8636338,3143756,142668,,19569,4766590,,,224927,,394523,,,175530,,417607,,1840426,,,270095,,64302364,,51837,,12694778,93507,3055315,448061,140089,158384,52937,27591116,,,417195,,11511752,,5974899,79876,,,49363,49363,365580,96408,96317,5902700,58110,61067,,487090,88267,,46604,,4069739,,32422,516990,1571975,2829188,42758,48083,794695,,10995614,4387300,32636,,41225,6279193,,678953,583710,4983509,14605,50016,47171,13555,809325,9216120,6258121,27809,7715903,,,8026337,136826256,57483760,25427692,,,,,1268950,,,,,,397934,196278,,,,240720,112642192,70258048,,,380983,,2843670,,,,,,,713636,,26647798,,,244578,,482784,,,5418202,889315,,,498164,89756,,,,,,,32953,5787883,,,9791943,,,,53408,391169,,,3452402,8628154,,,,26049804,1089203,1124837,,,314783,,,,,,,948484,2234304,1330454,,298178,,130452,641416,,40934188,,662613,,,,585628,644973,,,226569,240318,,162107,885059,,2889396,,,,,
MC00407_3_00_84day,0,3,84,193247045.5,35807844.39,39447324.71,21318053.11,20455864.91,26263631.33,19717308.21,22664198.37,18896365.37,11762415.23,9218652.649,8382581.759,932479.8888,8787970.581,8161705.085,861116.7362,8377764.716,8783430.009,2286289.053,5561170.192,7253741.564,5561170.192,7253741.564,4065305.358,3920913.407,4372855.836,6124834.056,6707116.827,4665514.124,6074437.322,2309499.594,4533976.522,5206925.776,3816737.99,4483544.421,3272599.056,4828709.421,4384075.034,3461265.514,513171.915,2367765.339,2180123.796,2925942.379,501092.5465,3572671.736,3286739.161,3021411.187,2653623.095,1468581.435,3409145.555,2367765.339,2180123.796,1409294.607,2150163.528,2743884.086,1750276.097,2454253.297,2345603.95,2567511.995,1168279.222,2081005.669,2146308.005,1517916.341,1054033.24,1766335.164,1346866.404,1265905.263,1911763.551,1954245.803,1881295.384,1603633.293,1131830.438,910863.2482,710742.4149,787882.1368,1206525.978,1113988.609,1365756.528,1333483.428,916583.0149,1423978.947,356402.0243,1261697.428,139389.0495,620016.2115,1309804.994,926319.9293,1207571.094,934424.7469,1035039.59,1373082.026,926319.9293,1207571.094,1040663.066,1177350.112,1071549.451,8382581.759,932479.8888,1289943.2,624598.4236,1280243.014,1116203.652,8161705.085,861116.7362,910863.2482,710742.4149,1006197.309,777796.527,1106780.488,1066084.985,340622.9639,582685.4103,632845.3461,707434.3749,499947.3589,782407.0423,602577.2773,558006.8175,901931.2324,512866.0748,447873.6831,380764.1175,731668.0243,3461265.514,513171.915,511828.9475,741752.9039,608954.5313,370500.281,612245.8308,633070.653,69083.16452,554346.5475,524380.4341,486444.2068,154440.9454,502210.3805,46026.18025,597356.5818,611762.5118,444861.9429,515553.7881,365402.5783,428641.7657,531721.456,570671.1156,418405.5641,339633.9236,418598.8254,501695.284,327916.5287,515553.7881,365402.5783,444995.8909,106674.4509,1423978.947,356402.0243,419484.1277,283168.6917,390560.5059,106319.386,245433.7435,234936.5622,10327,5782,196090,237108,2802231,49541504,,,294851,,53575,71726,,,,6049805,53146,53182,33362730,2389337,2096776,19841550,50896,77416048,53146,53182,10777166,25633018,,28380086,,2824906,835428,18396422,25707650,,13355165,14550598,62873,,543266,,,,101971,,77445,231014,632293,69218640,36617492,5825077,20487,5873448,29906,7311127,4007535,184369,,36403,5998486,,,215836,,507691,,,232716,,630871,,2004990,,,342678,,77899432,,71274,,696811,50617,3668526,704172,218373,230388,59409,41421680,,,590277,,18871344,,7048223,224193,,,65369,65369,553469,96199,122326,6775180,90376,86589,,2820937,83807,,42269,,8241076,,41646,549441,1590004,2690670,59543,30710,692920,,10822232,3909916,41231,,41480,6093216,,678962,546885,5598226,12647,67516,506600,17765,1199670,10767641,7657102,44216,9496893,,,3139794,83309640,37781992,18729306,,,,,1628511,,,,,,579292,198395,,,,233952,114807608,90391856,,,416600,,2766290,,,,,,,978445,,13710416,,,188189,,482229,,,4788892,992404,,,635438,130016,,,,,,,50829,6722058,,,12228885,,,,82017,701088,,,3693821,8894000,,,,28284376,1114678,1209384,,,231245,,,,,,,1045123,2514687,1398248,,303216,,129384,428044,,53082772,,652243,,,,1357511,972534,,,235483,239037,,144016,833590,,2690418,,,,,
MC00407_4_00_84day,0,4,84,186899784.6,37390231.58,39713949.8,21118048.15,24612844.38,26336781.88,20050086.61,22446895.63,19329613.95,12343151.21,10488273.82,9558851.655,935684.2649,8713035.03,8050763.677,816772.9554,7904245.443,9614004.078,2448413.452,5209476.344,6404739.851,5209476.344,6404739.851,4288826.783,4272524.945,5000902.404,6179533.276,6459746.138,4691368.469,5223934.994,2381819.097,4660765.833,5238593.964,3990218.123,4181785.468,3089073.265,4193505.992,4104086.078,3282102.93,455185.9389,1428750.908,2162489.85,2584896.747,450461.5089,3579539.591,3249412.266,3003734.582,2948820.636,1510982.276,3263193.886,1428750.908,2162489.85,1543049.967,2714401.784,2439215.461,1696067.884,2199974.014,2271141.554,2627660.232,1138643.258,2116162.927,1951589.801,1687995.667,1002009.306,1627113.634,1273981.007,985244.4031,2085248.482,1778747.655,1834892.811,1423267.567,1080335.515,1004907.771,861793.9475,877690.1216,1194890.433,1014689.465,1412878.045,1219181.732,1003907.058,1430727.278,329185.0053,1262972.272,153817.4625,671062.8426,1320795.736,958259.1449,1295030.559,937310.5741,1016329.366,1216316.053,958259.1449,1295030.559,1101210.193,1103689.628,1072092.122,9558851.655,935684.2649,1284625.145,554111.4131,984254.4858,1090295.211,8050763.677,816772.9554,1004907.771,861793.9475,920955.1918,752092.7495,803265.5682,1094602.284,392667.8221,547719.4177,704945.4814,752997.2819,513473.951,701785.4918,428376.0024,523569.4172,792954.4191,510072.3312,426836.3017,377690.7207,683702.3877,3282102.93,455185.9389,517822.5023,612188.9852,712086.4353,423892.8014,675160.8145,645681.585,134955.8665,697285.1249,555372.1536,479786.8321,189887.5329,450098.8196,73221.21128,553150.7653,627561.7606,450968.8821,508420.75,385303.0672,364322.5541,461761.0438,471972.5735,358479.322,340974.3498,395089.6589,441150.8385,330518.1367,508420.75,385303.0672,391908.8278,92815.85139,1430727.278,329185.0053,320329.443,238141.4473,327957.0787,129376.421,260330.8835,220059.0377,3822,3267,130911,174407,3971406,39983028,,,218347,,39822,89541,,,,3415832,43334,43267,25233574,1546845,2009550,18195364,60013,59362116,43334,43267,8822518,18718490,,19502954,,1061422,178223,14552871,20758768,,10174633,11525281,45476,,3072340,,,,115314,,75349,68037,517968,68513888,32725862,4753580,24550,4763183,23152,7903533,3249308,167976,,23266,4788729,,,200895,,439476,,,269981,,404295,,1185701,,,248357,,64674800,,55481,,369398,38953,2881368,435573,133120,152120,40171,24581462,,,408062,,10942404,,5615199,105653,,,49056,49115,397185,85120,93375,5702923,45449,61689,,746943,66138,,33674,,6339992,,46818,508672,1662524,3134406,64688,39436,828266,,12135286,4885777,48380,,49463,7708583,,752383,555243,5249782,11615,53611,226526,18237,931915,9598085,6758653,36420,8187877,,,2750538,84443056,38753284,21325238,,,,,1307938,,,,,,503108,210737,,,,230971,117229688,77376704,,,436224,,3550255,,,,,,,834332,,16124328,,,221864,,444803,,,11158773,1009223,,,582061,79798,,,,,,,52231,6161312,,,9170071,,,,63838,691535,,,3313561,8777140,,,,26694714,1054857,1107726,,,488086,,,,,,,1029304,2191674,1225069,,158637,,168022,791469,,43090740,,464645,,,,835520,780406,,,171737,160514,,69071,645171,,2065462,,,,,
S05_kras_1,NA,1,1,174283822.1,33267250.18,41946665.38,19049852.79,26484324.82,21446856.11,17865697.94,21582131.06,20684085.3,16544084.93,11102618.27,11322857.84,1089763.684,8759968.045,9628104.046,1092403.001,7858159.428,7687250.159,2091073.218,5790878.633,7932905.34,5790878.633,7932905.34,7794880.384,7471887.359,3962319.536,6709289.834,5120653.993,5899881.79,2443903.083,3527822.692,4632181.466,2503515.336,3327782.048,5004274.261,2897932.874,2700685.203,4136546.441,3628955.119,605058.68,3269689.478,2173432.71,2497805.768,475996.8349,3010103.698,3223332.148,3317228.721,2643784.584,1375372.816,3106808.57,3269689.478,2173432.71,2716410.598,2750071.024,1184517.196,2440920.53,2569143.019,2459906.514,1359530.466,2075694.292,2469686.251,2007866.996,2316610.536,1966316.345,1323668.695,2209302.878,1387802.596,1935266.682,1321712.443,1722868.447,1381111.77,962554.0829,1680533.666,840825.8131,1585359.484,1540998.936,1533087.256,1600948.497,1636386.198,1453130.84,1383328.852,416122.0884,1184455.458,271029.1762,1218866.691,1474984.101,783887.4606,1321939.803,1364340.319,1068954.235,758443.8661,783887.4606,1321939.803,1056676.481,1006635.434,851362.3891,11322857.84,1089763.684,964966.1131,511062.531,563546.8965,1165241.751,9628104.046,1092403.001,1680533.666,840825.8131,1054502.614,775382.2267,875599.5423,614700.1815,657125.04,859992.6206,870713.9861,870496.6902,705799.7637,709989.3537,229500.5669,819060.7346,789622.8604,815841.1105,771918.4839,718599.0376,627667.8219,3628955.119,605058.68,705523.475,373531.7826,612881.8329,692368.8107,555080.4059,651631.8119,138413.5113,528515.5386,643439.8549,591476.2116,503026.6609,576199.7521,138319.4591,488788.272,388080.1791,620296.7799,617174.5011,364872.0094,427377.5857,434873.9952,341686.4858,444818.5612,444466.0088,219779.2588,200502.1194,315528.6097,617174.5011,364872.0094,354950.3328,174318.8714,1383328.852,416122.0884,173155.7794,361479.1272,297660.8003,310493.1494,106746.9533,108680.4577,1536,1442,148873,152456,2009530,39719608,,,157267,,33291,40136,,,,6627571,33341,33398,24171544,1905583,1291630,15683551,54997,81234672,33341,33398,2775702,16354026,,21938834,,400388,344903,12307889,16009255,,7266306,10120607,49976,,523569,,,,58117,,68394,9012,588201,72940096,11353347,5209004,12854,5173631,23887,9033453,1804160,133221,,16913,17944628,,,186028,,354478,,,289613,,332688,,1780483,,,294143,,77518296,,23166,,19529294,36834,2339262,379353,112995,148245,61409,21987188,,,332450,,9574175,,6424090,90470,,,63738,63687,620341,63262,98695,5981607,30909,88497,,150030,90940,,47672,,4152649,,42683,593846,1259073,2382934,77337,27022,969034,,10258594,1981481,43512,,31434,5629929,,864558,389699,4182677,13859,43312,54572,14437,691778,8412508,5671330,25950,6969674,,,2380788,83575352,44142360,15128370,,,,,1679439,,,,,,732552,237303,,,,265348,89775424,61400060,,,1148514,,2684116,,,,,,,1340995,,58188676,,,201027,,546705,,,9648759,1497505,,,839446,112063,,,,,,,74095,10329633,,,20918328,,,,70146,397390,,,2491788,8186291,,,,27081248,2897353,1244752,,,595344,,,,,,,695669,3597577,2586172,,298198,,114538,721513,,43961568,,560739,,,,1005275,837505,,,179209,284352,,161377,892628,,3082161,,,,,
S06_kras_2,NA,2,1,167714034,33105550.29,41126838.05,22314948.93,26040927.88,21719490.74,17021313.3,22500317.54,19660315.26,16988897.18,12458511.86,11118377.99,1121631.875,8984602.634,9931019.657,1134867.023,7146676.172,8513257.553,2421412.652,6366790.936,7700998.94,6366790.936,7700998.94,6921930.784,5879145.573,3691881.465,6545146.304,5268407.987,6149010.782,1719742.043,4038230.23,5061770.291,2455448.082,3028586.976,4566323.974,2790599.895,2330710.968,3355967.371,3557074.039,625872.4523,3600828.812,2091361.081,2349966.142,421997.0267,3089270.318,3471822.92,3340339.485,2533095.914,1334650.743,2761102.486,3600828.812,2091361.081,2366868.204,2659071.125,999775.9205,2157000.951,2245754.49,2536185.17,1230715.83,1984597.689,2237991.53,1995193.525,1948081.113,1674665.785,1086692.908,2103298.607,1671336.428,2067723.14,1104084.909,1687835.776,1390979.205,855507.4648,1615851.731,834577.8178,1473443.33,1582504.118,1461743.103,1583540.152,1414415.007,1227733.502,1244769.283,358409.5758,1051171.321,382154.9674,1210893.824,1351623.278,793393.5761,1154452.886,1363330.941,1086011.831,644184.0062,793393.5761,1154452.886,1053843.051,905537.8463,818744.3282,11118377.99,1121631.875,817915.0947,574013.7773,507527.9171,1103296.119,9931019.657,1134867.023,1615851.731,834577.8178,847360.5572,625781.9037,653685.4924,556203.827,639266.4987,870413.2021,834549.5308,916650.0398,726067.4128,669773.5346,288484.8958,816761.4057,715328.6419,830041.8221,693730.232,738392.892,589017.2662,3557074.039,625872.4523,679118.5719,305002.4036,693648.3815,700337.1449,519341.7572,578494.8139,186078.3932,538511.5208,661165.885,626655.8294,559710.1026,481026.2199,204227.9966,461117.1448,369816.0401,581019.0369,563935.2061,332919.1892,460938.5671,450524.299,366829.9548,415926.9733,412357.4945,203757.5719,137495.9165,307162.5054,563935.2061,332919.1892,351514.224,191011.9937,1244769.283,358409.5758,138765.8847,291421.9092,265733.4164,292672.7941,102992.9846,116356.4774,0,2347,281975,215157,1824102,36019344,,,320085,,56588,65249,,,,10036748,42453,42459,34049076,2789869,1594916,22998124,80305,91021472,42453,42459,3589693,24944536,,32768006,,925442,509767,19881850,19992154,,9942358,14996844,76312,,505751,,,,90816,,102749,12687,790529,81891440,15505287,6978791,21686,7044339,60793,12853358,2385493,187940,,41085,27593618,,,247765,,530252,,,340037,,666734,,2334779,,,429326,,95063880,,34920,,14691198,97996,3009378,892919,270565,264200,88650,47592296,,,508150,,20729162,,8259754,121736,,,68594,68585,795725,75494,129581,6927985,47962,129814,,5127911,123254,,65649,,8421167,,51691,504630,1471980,3305908,85785,40684,912478,,13500199,2085924,51379,,43017,8415924,,774692,418937,5748587,12414,77086,124518,17972,1101341,11069808,7754413,47326,9639425,,,3170054,82480232,48526320,16867610,,,,,2166629,,,,,,762625,270288,,,,337722,150351728,101523896,,,1314922,,3587674,,,,,,,1333156,,43484072,,,255978,,574642,,,10008356,1617379,,,920800,139927,,,,,,,77210,12574576,,,26273212,,,,85010,535469,,,4805848,9630342,,,,29417012,3172014,1327509,,0,527302,,,,,,,948385,4060902,3451245,,441413,,129910,1048998,,57790564,,753680,,,,1959663,1962311,,,213180,417352,,296934,1228379,,4035981,,,,,
S11_kras_3,NA,3,1,182377026.7,42104349.96,43653620.04,18560914.24,29790047.94,23101941.94,18372411.18,22625673.16,22065822.09,18134624.2,10668839.13,9432323.476,1147008.382,9516200.172,9425704.4,1024567.957,8089632.538,7871041.744,1981499.286,6369864.001,6725675.645,6369864.001,6725675.645,7866204.177,7561239.37,4066850.86,7116124.43,6884575.942,6052952.712,3474499.134,5497490.652,4988222.317,4491746.757,3533449.647,5031332.405,3106400.109,2844762.738,4206036.758,3629212.891,527795.9481,3760731.189,2735530.461,2849638.251,472763.2048,3383783.918,3541583.302,3489912.979,3154730.155,1695028.755,3013565.961,3760731.189,2735530.461,3178600.039,3044506.783,1268308.751,2895084.857,2760707.218,2725175.369,1984064.354,2541100.214,2447081.576,2122234.627,2331170.659,2286666.704,1404747.102,2203366.494,2076501.038,1990034.967,1392262.445,1730825.947,1857935.527,1161734.866,1806609.806,779409.1931,1792077.032,1766912.717,1673914.139,1671432.52,1666819.812,1666228.49,1270189.628,426931.873,1264831.946,230137.1646,1513702.319,1437489.235,1014528.11,1339270.902,1433434.768,1124219.86,849459.598,1014528.11,1339270.902,1130535.945,987406.0057,1316779.772,9432323.476,1147008.382,1188957.184,585295.5954,661666.0241,1008895.354,9425704.4,1024567.957,1806609.806,779409.1931,978302.3789,1108507.72,729427.1984,852223.2583,698682.3851,1047278.897,995784.5843,1010954.206,967336.1766,743066.5358,276451.6122,901959.9002,824916.1264,884717.0821,869992.8505,850287.0612,701167.124,3629212.891,527795.9481,794113.6127,433058.5226,725268.3426,722881.6031,578027.0585,711181.6667,109468.9086,705420.9265,662398.7367,559659.8739,661076.9903,637650.1323,125884.6593,517178.419,583114.951,578107.141,564301.0658,402093.2673,482965.5525,486278.2187,396879.9464,431855.0656,536115.0128,250637.9421,282865.8152,290144.5327,564301.0658,402093.2673,385103.7384,209294.2666,1270189.628,426931.873,187513.0405,406252.4743,309873.8346,327332.6004,124686.7569,117208.4878,4281,6642,216138,170066,6033191,43403248,,,234277,,37381,140355,,,,6291530,42673,42785,26792714,2219287,1634140,19727406,131148,82857984,42673,42785,3199402,19487256,,23872538,,599130,340288,14123528,18198158,,8503282,11989289,66774,,2473220,,,,94973,,81537,20702,796166,92459072,15465364,6306086,52828,6289390,34367,10301401,2164300,195802,,27358,23029044,,,208496,,423706,,,339034,,444039,,1858187,,,349190,,90682360,,30818,,18211620,49496,2731182,550871,156962,216364,79921,26974232,,,415946,,11488917,,7229434,156787,,,59703,59622,845581,69695,124079,6934357,29167,121671,,300019,105195,,65011,,6565651,,56111,658736,1653953,3914889,131284,53311,1171852,,15192409,3049819,56090,,38113,9945709,,1002766,415206,5206219,17321,60753,112386,12230,704961,9762520,6554867,26552,8045145,,,2735346,81747080,51882168,19047642,,,,,1863762,,,,,,748583,322425,,,,327242,118451120,78883928,,,1496611,,3208466,,,,,,,1659299,,64839088,,,294771,,600634,,,11651596,1778371,,,1024535,151606,,,,,,,96756,11973305,,,23122022,,,,113429,434529,,,3213837,9013310,,,,30317914,3228642,1385847,,,680870,,,,,,,985104,4146600,4219465,,351580,,159676,724210,,48702196,,803473,,,,1532757,1317548,,,249601,414908,,199618,1215839,,3885934,0,,,,
S12_kras_4,NA,4,1,166059092.3,39499808.23,40838882.56,17796342,27919189.07,22050658.68,17641418.01,22360503.31,21019861.83,15637876.05,9923431.892,8742690.961,1168898.203,9427576.404,9418972.791,1102741.059,7265762.715,7604183.23,3642125.076,6035168.481,6539070.599,6035168.481,6539070.599,7445400.225,6792749.153,3770711.279,6445636.893,6241378.458,6030884.197,2376434.438,5630344.32,4757529.3,3315101.115,3186489.331,4539105.68,2731962.929,2404912.338,3546518.278,3593074.845,506846.3998,3436174.278,2241588.038,2503122.691,452303.9465,3197051.857,3386611.995,3539007.231,2902268.02,1253652.404,2664338.013,3436174.278,2241588.038,2806349.747,2795957.806,1082140.967,2545030.815,2559709.893,2712657.596,1508570.516,2310617.305,2358107.027,2125239.153,1890824.863,2071076.024,1256259.979,2002723.036,2146658.896,1862221.721,1266592.615,1749941.454,1492787.003,1088804.676,1650369.611,807479.8174,1752859.899,1649841.975,1534723.361,1611804.743,1457584.068,1486298.984,1160140.797,374355.2622,1188254.778,264399.5319,1394735.298,1366236.452,1465859.368,1371655.269,1404583.464,1121409.58,728234.0523,1465859.368,1371655.269,1100734.746,1016786.549,992634.4093,8742690.961,1168898.203,960386.7614,561331.2212,512739.0727,1002291.8,9418972.791,1102741.059,1650369.611,807479.8174,930621.6389,802102.03,826446.0822,571458.7018,689891.1735,963431.1705,938978.5384,965693.5514,839013.594,656896.6692,318711.7973,843725.2203,748010.1438,837231.6089,824521.9537,833923.1532,555593.2748,3593074.845,506846.3998,751183.1341,343696.0724,572115.1143,712297.6809,545909.686,571808.1296,128476.7915,483506.0443,679347.9895,594675.3372,555811.4365,594882.6239,123947.6424,556092.8925,459583.759,583533.6251,607953.6893,440677.5303,458117.3246,573521.6342,353592.2194,468671.5648,452724.2764,220703.548,192531.4431,301110.0767,607953.6893,440677.5303,343591.0918,195892.0264,1160140.797,374355.2622,170087.6836,350689.4936,306485.1274,308214.0458,109943.2043,105814.526,5022,6801,167225,207620,4507211,38886940,,,271957,,39409,134507,,,,8644963,38250,38310,30975252,1979560,1546097,21804464,151985,87150528,38250,38310,3305192,23065838,,29249876,,607205,574605,16865590,19465254,,9327629,13742611,72428,,936274,,,,89793,,54437,16093,795163,85703016,14350022,6652203,46425,6638800,42622,11916557,2184984,186358,,30814,24859660,,,205470,,452924,,,372035,,571736,,2157125,,,362050,,89517600,,38120,,20338718,44955,2832918,691509,207653,229983,73831,36480260,,,460260,,17442374,,7366429,121059,,,55241,55241,814101,72615,117557,6753970,42686,130705,,401298,119229,,62312,,6277378,,47123,520688,1500392,3342973,95843,40336,1017659,,13443229,2331753,47822,,40435,8204080,,915034,382228,5599684,13830,61759,96976,15338,776241,10276552,7040889,33758,8749763,,,2857900,83459400,46017484,15463665,,,,,1873737,,,,,,675284,277471,,,,313475,125401240,88913040,,,1287020,,2828878,,,,,,,1401897,,60894868,,,363058,,582013,,,14745537,1646469,,,1301991,125116,,,,,,,100411,11868259,,,23586432,,,,101950,399255,,,3317014,8741040,,,,27941108,3050027,1240002,,,668907,,,,,,,883165,4014970,3483930,,336086,,155625,786758,,48834712,,654044,,,,1668807,1644383,,,211030,348601,,214013,1096257,,3590454,,,,,
TC_QC_1,NA,NA,NA,173535297,38268123.64,33789349.61,24023102.37,24131560.79,21136644.14,18496324.95,20676793.63,18054464.41,11672793.88,10172535.39,10218503.66,1061465.559,9144627.597,8616193.025,951500.2661,7688807.289,8953985.006,5287543.101,6122767.505,7849699.447,6122767.505,7849699.447,6073010.702,4755336.902,4452516.732,4831152.867,5573459.049,4757944.973,3875124.719,3783564.479,5328910.462,2566830.508,3624005.203,3727039.899,3189570.333,2848739.31,3222455.814,3450143.231,563514.6022,2992930.694,2176565.662,2686493.222,460738.4768,3037519.267,2596128.789,2501424.068,2918394.989,1935257.472,2878602.67,2992930.694,2176565.662,1990550.881,2639853.372,1780349.658,1842284.929,2077724.956,2151964.08,1327510.404,1634812.311,2059863.088,1943502.887,1797283.874,1346936.138,1410221.329,1311813.199,1687960.768,1776253.662,1258550.95,1717201.061,1547113.205,1165703.082,1254483.976,1118171.112,1262644.863,1279536.388,1010363.911,1281552.53,1145140.299,1228537.066,1207491.441,269788.3753,1138637.117,367316.8625,995655.6704,1199459.109,718388.1647,1033316.988,1023133.493,1060724.51,885678.792,718388.1647,1033316.988,1085970.375,1035191.245,699074.5465,10218503.66,1061465.559,1084612.992,788941.8724,654837.3626,1034929.894,8616193.025,951500.2661,1254483.976,1118171.112,861880.6076,412774.9457,807749.8237,526479.7044,594288.0789,727887.7611,655381.4874,776610.6084,645603.0049,679650.1488,451704.9257,568691.3031,669641.8307,543810.1115,543495.9146,465257.2141,516664.2976,3450143.231,563514.6022,632846.9312,426362.7886,514325.6733,467948.3068,586365.9396,474246.2479,180173.1729,554789.003,487869.1712,526239.7612,443905.1439,496616.0106,164484.6764,534320.402,325877.1207,384464.7733,517743.1149,336196.11,441966.7829,473184.9523,374388.0213,444109.3196,358280.6348,295104.7283,287062.3,307533.5456,517743.1149,336196.11,369707.6331,222023.3101,1207491.441,269788.3753,259088.8836,289188.2029,218767.2905,191105.8773,141965.9461,115972.1599,207413,41615,182104,194206,2911238,28862262,,,272015,,35240,55287,,,,4704385,45135,45117,24460178,2441232,1541961,17523684,60055,83372960,45135,45117,6214680,17305520,,20163794,,515561,399268,13722330,17378950,,8588728,10744609,58819,,1544864,,,,103520,,100325,8242,526054,75769080,21214050,4691695,14278,4688402,32956,8547246,2201356,164484,,16134,14380086,,,188521,,382216,,,198712,,341153,,1448958,,,264860,,59343572,,35170,,17328636,80551,2376621,356076,112039,158043,47790,22434518,,,316888,,11007417,,4941603,73614,,,50873,50845,418665,61568,127581,5959230,43625,64417,,367963,72506,,40722,,4156491,,35487,577458,1343135,3016712,63479,35167,796019,,11606157,3343185,43254,,44220,6970478,,819167,483262,5039429,11107,49468,71262,14492,790096,9089918,6288951,38173,7696100,,,2716942,85974728,37499208,17596856,,,,,1458103,,,,,,490391,216489,,,,240058,113058464,75542328,,,689877,,3609908,,,,,,,1037488,,47579772,,,234128,,450527,,,7631494,1087943,,,843740,76918,,,,,,,60714,7965387,,,13930093,,,,66992,327233,,,3618314,7358822,,,,21756482,1440525,1287067,,,400919,,,,,,,821020,2644770,2026013,,233603,,165673,603507,,43330860,,474871,,,,778445,810252,,,221018,291436,,174089,936724,,2703883,,,,,
TC_QC_2,NA,NA,NA,183635363,37817962.88,34437648.87,24291724.14,25067620.11,23082002.47,19803374.32,21162610.96,18707954.66,11942176.77,10339219.32,8484144.724,1058319.217,9586898.058,8689897.732,988812.4593,7661569.598,7054991.334,5912121.176,6726941.668,6346011.902,6726941.668,6346011.902,5697350.256,5464934.214,4544036.171,4933451.613,5738917.614,4858043.235,3478372.989,2703790.606,5187235.593,2500014.896,3681247.036,3833287.332,3311574.578,2891031.692,3235454.691,3457153.056,640892.1813,2569480.162,2361097.249,2700470.911,2891031.692,3302823.075,2620786.169,2615779.869,2688776.365,1901207.919,2894270.768,2569480.162,2361097.249,1974070.813,2798207.103,1806590.044,1837325.349,2027545.824,2162244.443,1177368.958,1512519.706,2169804.813,1985774.889,1411770.956,1407092.555,1478462.503,1357861.119,1618407.059,1806224.966,1268519.331,1704634.029,1416158.787,1167923.033,1556763.083,1018334.794,1209086.742,1332617.017,1053515.367,1526749.591,1117216.154,1496438.291,1202174.087,291784.531,1226971.043,327429.26,942010.5033,1353930.261,901338.3104,896304.4447,1006952.934,1182747.747,876440.1472,901338.3104,896304.4447,1144962.389,1063287.969,627663.7694,8484144.724,1058319.217,1060375.829,722029.2312,664342.1673,1055230.868,8689897.732,988812.4593,1556763.083,1018334.794,899651.1273,431997.2517,809553.6198,446749.8238,585446.9744,644871.4597,757368.052,710504.8365,573505.0174,648729.4855,608087.1548,588512.1672,633035.0891,542014.0394,535814.7337,474753.3516,560675.7659,3457153.056,640892.1813,702648.6399,444635.6074,626959.33,478743.7793,639379.234,533695.0572,218608.8319,478227.9782,487396.3329,504160.0276,433752.0517,498647.2836,164791.1859,519866.6254,292834.4868,424551.6469,485706.8772,365855.6786,446328.4311,468444.2287,383719.1178,497588.5413,390944.0631,322014.8291,263285.9971,333457.3737,485706.8772,365855.6786,382961.2572,211490.9705,1202174.087,291784.531,257068.4669,255296.9202,269244.0527,200829.4112,154611.8701,127730.2781,175062,46523,167725,204793,2850844,27106832,,,270588,,35619,61986,,,,4610336,39785,39459,24382134,2406766,1524305,17623682,68324,84180936,39785,39459,6349236,17832292,,20444252,,519590,408057,14084013,17721128,,8518262,11117354,55682,,1666175,,,,113154,,89394,9739,537021,73291888,20190058,4808431,12493,4817840,26772,8788205,2347550,152892,,20998,14532868,,,187200,,390604,,,182859,,367313,,1569476,,,246802,,60468436,,40067,,15967828,94260,2371075,385129,115738,151327,59926,23846638,,,314244,,11013816,,5322374,68898,,,46252,46290,410855,60927,110671,6226670,38320,71022,,263640,79429,,46224,,4033713,,36357,477339,1325749,2889057,64750,38489,938942,,11288447,3267865,37170,,50824,6719172,,847906,462256,4836814,10125,51080,84725,18278,819321,9113128,6254632,41122,7769397,,,2548471,84203304,35941536,16719372,,,,,1494616,,,,,,523267,225535,,,,242322,113476656,75291464,,,708646,,3496996,,,,,,,815040,,47474132,,,222117,,460882,,,7754981,1135554,,,838093,93071,,,,,,,63089,7854839,,,13769850,,,,51024,376694,,,3304667,7110711,,,,22131986,1394709,1222820,,,393546,,,,,,,742392,2773490,1820789,,212520,,187084,752771,,45326560,,460929,,,,808341,740485,,,216537,283263,,177616,944275,,2697560,0,,,,
TC_QC_3,NA,NA,NA,184462775.5,39472103.41,35704224.55,23825260.27,25434912.33,23913942.57,19389829.2,20814094.95,18754550.51,12440428.51,10508788.15,10049355.97,1034685.065,9288128.225,8718864.067,936902.0598,7430145.329,7232897.583,2150517.359,5814543.638,7587494.682,5814543.638,7587494.682,5436400.278,4570303.515,4665862.189,5412864.653,5070465.215,4993082.503,3457595.997,3428577.772,5182747.224,2389715.119,3925158.708,3855439.946,3382349.377,3006547.257,3199387.31,3268936.885,647743.5336,2944013.416,2216651.087,2791440.696,460140.4725,3228055.465,2889345.241,2788246.713,2879379.883,2060667.568,2907496.422,2944013.416,2216651.087,1874044.068,2725660.511,1777211.531,1752107.823,2089263.563,2167602.902,1176579.845,1529782.458,1617765.753,2015488.91,1527488.762,1337659.792,1415478.581,1381614.199,1411675.305,1868599.123,1256024.393,1823361.573,1563174.149,1253598.036,1329885.924,866092.6122,1183200.633,1307199.965,1015681.546,1351402.407,1131815.147,1094858.839,1256915.826,259371.0599,1178935.365,352040.19,937865.9049,1360886.295,807287.9688,1096248.4,1023611.582,1111745.713,881193.7087,807287.9688,1096248.4,1032032.708,1048867.635,641696.7897,10049355.97,1034685.065,1027476.039,726770.2596,697497.0195,1042857.727,8718864.067,936902.0598,1329885.924,866092.6122,878031.1759,336478.5603,809882.0178,502004.3527,571236.5108,636727.3325,1045518.053,809868.9243,528978.1374,671060.6555,440654.5713,601703.6134,669180.5598,574411.2974,509672.0269,496825.1777,512563.6705,3268936.885,647743.5336,620031.4878,425019.7263,693110.5311,490112.5078,630188.5122,548855.3599,177254.6756,651123.2709,562994.3118,504128.3144,362082.8156,527063.5884,176114.0877,509324.2663,297559.0132,424589.504,503606.6732,428106.3536,471894.5328,441021.8389,389620.6601,528197.1922,386583.7236,326356.5937,246848.528,319282.5539,503606.6732,428106.3536,392163.9468,226760.7252,1256915.826,259371.0599,269357.7233,245778.956,253504.2889,215568.6098,138481.0604,132116.6637,157189,121445,177170,193528,2410698,26676830,,,259144,,35663,52568,,,,4124799,36257,36305,23384652,2259205,1446150,16882728,59166,79311032,36257,36305,6034809,16769646,,19153834,,479387,360665,13773434,16611916,,7927462,10323664,46579,,1686512,,,,103190,,74909,8224,521704,71723440,19710372,4524961,9831,4511255,28054,8446671,2345025,153137,,16720,13732181,,,175899,,381314,,,204627,,316590,,1456051,,,241592,,55314244,,35800,,13356604,97501,2212583,346099,110720,141749,48188,21727984,,,287541,,10347839,,4952746,62873,,,48966,49072,389671,58989,97538,5695713,34689,65310,,200184,71452,,41054,,3509080,,41954,489513,1342590,2988034,67570,38326,930508,,11302658,3253255,41618,,38097,7022468,,871903,480589,4939892,10582,50706,85831,20755,848965,9238777,6435605,36316,7781641,,,2632511,84996144,37350216,17131514,,,,,1414276,,,,,,486965,195790,,,,227122,114753792,74390200,,,713643,,3467274,,,,,,,943782,,47272940,,,230449,,430048,,,8641905,1079083,,,979819,98189,,,,,,,67266,7602378,,,14178568,,,,50487,391611,,,2978625,7197438,,,,21638614,1343939,1258158,,,415823,,,,,,,737080,2738905,1890107,,264077,,174439,767033,,46736456,,493843,,,,794047,721021,,,211771,263629,,182843,933049,,2680762,,,,,
TC_Blank_1,NA,NA,NA,32786.14299,19210.9237,16629.7328,24570.01484,25076.37481,9792.920913,20219.95737,12091.54588,12625.65228,8874.451731,35141.16117,6299.527852,6775.875819,12031.68556,27544.3772,6306.890954,11326.13185,13641.69988,9171379.695,13061.10685,14502.9438,13061.10685,14502.9438,137412.7027,22254.57789,20568.64939,18448.31539,13040.88374,14142.97369,6535.006828,45186.28672,460506.8067,7610.41406,10277.92839,8852.824504,16650.42552,7430.766009,8044.405949,81416.5464,6969.866033,15610.49177,12468.22207,11092.67414,9849.20076,13223.76738,9244.03756,23509.54381,13970.74981,13736.66598,14379.20384,15610.49177,12468.22207,17342.88335,12145.63454,7277.38294,25753.06172,11683.11454,11547.21843,7007.213892,31917.43585,24014.73,9295.166474,18046.95777,22890.89053,7573.424697,63917.31321,56309.76923,89150.00357,9215.327959,20140.4852,13302.12809,11856.15375,16464.74989,11688.75014,26141.46224,132547.6612,8416.016099,9501.845626,7074.536451,18412.19424,7035.661553,7371.141277,7965.254289,4880.202729,14658.77576,7602.186758,11775.83617,10849.99371,34700.29287,13846.8554,7432.838021,11775.83617,10849.99371,9011.485374,10838.14205,7231.897069,6299.527852,6775.875819,42823.0602,23941.78135,12783.33757,13339.62908,27544.3772,6306.890954,16464.74989,11688.75014,8910.090495,9311.695601,9240.487264,7583.477118,12607.68504,20115.19076,9862.817887,12912.92777,25056.26455,77431.85693,12500.19367,6589.483185,7107.933685,9222.792388,17828.33196,54253.76275,48593.96298,81416.5464,6969.866033,9530.332895,8880.417708,8361.060574,24085.80807,9473.430684,9848.271099,4886.910205,11292.39525,11939.89286,6643.338847,64857.21071,15352.0149,5078.571693,10187.86515,7261.473532,12596.2795,66347.09552,9525.149543,8808.43944,9949.023503,13548.77869,23921.10924,14786.6367,7366.180876,6579.937198,5969.219315,66347.09552,9525.149543,14848.04811,7894.595375,7035.661553,7371.141277,7353.380355,24882.16545,7561.877413,65872.44881,8580.384918,6694.944348,,,,,,,,,,,,,,,,,,,,,,,,,,,,,,,,,,,,,,,,,,,,,,,,,,,,,,,,,,,,,,,,,,,,,,,,,,,,,,,,,,,,,,,,,,,,,,,,,,,,,,,,,,,,,,,,,,,,,,,,,,,,,,,,,,,,,,,,,,,,,,,,,,,,,,,,,,,,,,,,,,,,,,,,,,,,,,,,,,,,,,,,,,,,,,,,,,,,,,,,,,,,,,,,,,,,,,,,,,,,,,,,,,,,,,,,,,,,,,,,,,,,,,,,,,,,,,,,,,,
TC_Blank-process_1,NA,NA,NA,,,,,,,,,,,,,,,,,,,,,,,,,,,,,,,,,,,,,,,,,,,,,,,,,,,,,,,,,,,,,,,,,,,,,,,,,,,,,,,,,,,,,,,,,,,,,,,,,,,,,,,,,,,,,,,,,,,,,,,,,,,,,,,,,,,,,,,,,,,,,,,,,,,,,,,,,,,,,,,,,,,,0,52475,480,34421,429435,209677,,,29688,,0,,,,,4111,0,0,345763,6845,10550,376728,20279,55253,0,0,97042,248520,,3785237,,7892,0,0,351573,,437306,218250,0,,26223,,,,0,,71791,0,10812,222626,216959,98204,1612,102187,0,51487,7386,12560,,0,45968,,,95946,,115861,,,0,,5765,,0,,,13282,,72029,,0,,393874,0,109214,3802,0,647,0,231231,,,0,,206499,,0,407,,,0,0,0,0,2721,0,0,0,,163381,0,,9361,,157113,,4463,113202,194928,600254,0,49353,22243,,39156,14080,4463,,29524,110133,,462,46615,92341,0,4244,0,1345,2684,133295,58055,2882,90034,,,37937,96582448,61734,743311,,,,,126339,,,,,,0,18572,,,,0,83618736,5872256,,,0,,10943,,,,,,,0,,0,,,30680,,0,,,1100287,0,,,0,0,,,,,,,1522,126179,,,2558820,,,,0,0,,,0,719116,,,,9478,15334,0,,,20635,,,,,,,,0,0,,0,,0,114244,,2677271,,0,,,,39601,102606,,,0,0,,0,0,,148805,,,,,
TC_Blank-process_2,NA,NA,NA,,,,,,,,,,,,,,,,,,,,,,,,,,,,,,,,,,,,,,,,,,,,,,,,,,,,,,,,,,,,,,,,,,,,,,,,,,,,,,,,,,,,,,,,,,,,,,,,,,,,,,,,,,,,,,,,,,,,,,,,,,,,,,,,,,,,,,,,,,,,,,,,,,,,,,,,,,,,,,,,,,,,0,84074,810,26530,374913,257693,,,25445,,0,,,,,4608,0,0,249494,6279,6644,296100,14708,29974,0,0,89630,207343,,4245536,,15107,0,0,438521,,355797,193254,0,,28198,,,,0,,43887,467,18966,222627,424818,154827,515,94724,0,49285,17898,4297,,0,40539,,,93199,,105580,,,1038,,4136,,0,,,12315,,88283,,0,,289607,0,87700,1034,0,3234,0,148303,,,0,,206384,,0,0,,,0,0,0,0,19688,0,0,0,,147928,0,,3584,,113331,,4827,102007,195105,591779,0,41167,32597,,10505,12531,5638,,27627,105151,,0,34147,77005,0,3470,0,0,6565,133666,53395,2071,56222,,,30899,96380000,61887,732752,,,,,49347,,,,,,2464,33075,,,,0,87538792,5847026,,,0,,0,,,,,,,0,,0,,,22855,,0,,,1233961,0,,,0,3503,,,,,,,0,97005,,,2528642,,,,0,0,,,0,595057,,,,11818,8771,0,,,12841,,,,,,,,0,0,,0,,0,97149,,2186267,,0,,,0,122152,44576,,,0,0,,0,0,,19173,,,,,
TC_Blank-process_3,NA,NA,NA,,,,,,,,,,,,,,,,,,,,,,,,,,,,,,,,,,,,,,,,,,,,,,,,,,,,,,,,,,,,,,,,,,,,,,,,,,,,,,,,,,,,,,,,,,,,,,,,,,,,,,,,,,,,,,,,,,,,,,,,,,,,,,,,,,,,,,,,,,,,,,,,,,,,,,,,,,,,,,,,,,,,0,311149,1035,32846,564928,255161,,,26503,,0,,,,,0,0,0,274535,3846,8893,264604,26428,59415,0,0,117042,165630,,3717865,,0,823,744,546093,,355680,198249,0,,29250,,,,0,,53648,0,23126,222628,226346,91581,0,97291,0,50846,13350,5532,,0,45504,,,98124,,125103,,,0,,13138,,0,,,11164,,75392,,0,,87598,0,106621,5347,0,4198,0,283524,,,0,,153678,,1563,0,,,0,0,0,0,1437,0,0,0,,9791,0,,2829,,274713,,1655,105061,190112,672103,0,50836,24159,,50843,16499,1661,,26405,117417,,724,37299,91706,0,2331,0,2369,6633,129736,68287,8314,89323,,,31994,96137504,68624,709847,,,,,145443,,,,,,0,20874,,,,2967,91688128,6300307,,,0,,16373,,,,,,,2786,,5701,,,5618,,0,,,1195078,0,,,0,6556,,,,,,,6817,59198,,,2711770,,,,0,0,,,1768,568709,,,,29767,14064,0,,,11364,,,,,,,,0,0,,0,,0,24871,,2406165,,0,,,,25207,53757,,,0,0,,4796,12098,,96792,,0,,,